Model,MAE,RMSE,R2
Decision Tree,4524.910873,8772.584915,0.995659
Random Forest,2725.89803,6140.866941,0.997873
Lasso Regression,0.003645,0.004909,1.0
